Workbook

Sheet Курс
A1: курс ДОЛЛАРА | B1: курс ЕВРО | C1: курс ФУНТА | D1: курс ЙЕНЫ | E1: курс ТЕНГЕ | G1: СЕГОДНЯ:
A2: 78.03 | B2: 84.85 | C2: 96.83 | D2: 0.6 | E2: 0.2 | G2: =TODAY() -> 46138

Sheet Задание 1
A1: ID | B1: Наименование | C1: Торговая марка | D1: Цена, € | E1: Цена, руб. | F1: Цена, $
A2: SS001 | B2: Кроссовки | C2: Adidas | D2: 100 | E2: =$D2*Курс!$B$2 -> 8485 | F2: =$E2/Курс!$A$2 -> 108.74023
A3: SS002 | B3: Кроссовки | C3: Puma | D3: 80 | E3: =$D3*Курс!$B$2 -> 6788 | F3: =$E3/Курс!$A$2 -> 86.992182
A4: SS003 | B4: Кроссовки | C4: Skechers | D4: 75 | E4: =$D4*Курс!$B$2 -> 6363.75 | F4: =$E4/Курс!$A$2 -> 81.555171
A5: SS004 | B5: Кроссовки | C5: Brooks | D5: 95 | E5: =$D5*Курс!$B$2 -> 8060.75 | F5: =$E5/Курс!$A$2 -> 103.30322
A6: SS005 | B6: Майка | C6: Nike | D6: 50 | E6: =$D6*Курс!$B$2 -> 4242.5 | F6: =$E6/Курс!$A$2 -> 54.370114
A7: SS006 | B7: Майка | C7: Adidas | D7: 45 | E7: =$D7*Курс!$B$2 -> 3818.25 | F7: =$E7/Курс!$A$2 -> 48.933103
A8: SS007 | B8: Майка | C8: Puma | D8: 39 | E8: =$D8*Курс!$B$2 -> 3309.15 | F8: =$E8/Курс!$A$2 -> 42.408689
A9: SS008 | B9: Майка | C9: Reebok | D9: 50 | E9: =$D9*Курс!$B$2 -> 4242.5 | F9: =$E9/Курс!$A$2 -> 54.370114
A10: SS009 | B10: Спортивный костюм | C10: Adidas | D10: 110 | E10: =$D10*Курс!$B$2 -> 9333.5 | F10: =$E10/Курс!$A$2 -> 119.61425
A11: SS010 | B11: Спортивный костюм | C11: Asics | D11: 85 | E11: =$D11*Курс!$B$2 -> 7212.25 | F11: =$E11/Курс!$A$2 -> 92.429194
A12: SS011 | B12: Мяч волейбольный | C12: Gala | D12: 52 | E12: =$D12*Курс!$B$2 -> 4412.2 | F12: =$E12/Курс!$A$2 -> 56.544919
A13: SS012 | B13: Велотренажер магнитный | C13: Kettler-Paso | D13: 500 | E13: =$D13*Курс!$B$2 -> 42425 | F13: =$E13/Курс!$A$2 -> 543.70114
... A15: SS014 | B15: Электрическая беговая дорожка | C15: Reebok-ЕК2 | D15: 1932 | E15: =$D15*Курс!$B$2 -> 163930.2 | F15: =$E15/Курс!$A$2 -> 2100.8612

Sheet Задание 2
A1: Международные соревнования по стендовой стрельбе 2019 года
A3: Номер | B3: Участник | C3: Страна | D3: Очки
A4: 1 | B4: Иванцов | C4: Беларусь | D4: 5020 | F4: Командные результаты
A5: 16 | B5: Жумангулов | C5: Казахстан | D5: 3904 | F5: Страна | G5: Очки
A6: 4 | B6: Купцевич | C6: Беларусь | D6: 3458 | F6: Беларусь | G6: =SUMIF($C:$C, $F6, $D:$D) -> 28468
A7: 15 | B7: Алексеев | C7: Россия | D7: 4709 | F7: Казахстан | G7: =SUMIF($C:$C, $F7, $D:$D) -> 26238
A8: 9 | B8: Валенич | C8: Беларусь | D8: 5004 | F8: Россия | G8: =SUMIF($C:$C, $F8, $D:$D) -> 34231
A9: 19 | B9: Пуценко | C9: Беларусь | D9: 4239 | F9: Украина | G9: =SUMIF($C:$C, $F9, $D:$D) -> 26611
A10: 14 | B10: Борисов | C10: Казахстан | D10: 3980
A11: 18 | B11: Петровчук | C11: Украина | D11: 5077
A12: 10 | B12: Зинутдинов | C12: Казахстан | D12: 4768
A13: 7 | B13: Валиулин | C13: Казахстан | D13: 4003
A14: 12 | B14: Лукин | C14: Россия | D14: 4832
A15: 20 | B15: Моисеенко | C15: Украина | D15: 3902
A16: 22 | B16: Воробьев | C16: Россия | D16: 5209
A17: 13 | B17: Егоркин | C17: Украина | D17: 3998
A18: 6 | B18: Карасев | C18: Россия | D18: 4309
A19: 5 | B19: Дьяченко | C19: Украина | D19: 4789
A20: 11 | B20: Похомов | C20: Беларусь | D20: 4569
A21: 3 | B21: Галушко | C21: Украина | D21: 4077
... A27: 25 | B27: Атангулов | C27: Казахстан | D27: 4985
B29: Итоговая таблица
B30: Участник | C30: Страна | D30: Очки
A31: Чемпион | B31: =INDEX(B$4:B$27, MATCH($D31, $D$4:$D$27, 0)) -> Воробьев | C31: =INDEX(C$4:C$27, MATCH($D31, $D$4:$D$27, 0)) -> Россия | D31: =MAX($D4:$D27) -> 5209
A32: Аутсайдер | B32: =INDEX(B$4:B$27, MATCH($D32, $D$4:$D$27, 0)) -> Борисевич | C32: =INDEX(C$4:C$27, MATCH($D32, $D$4:$D$27, 0)) -> Беларусь | D32: =MIN($D5:$D28) -> 3089
A33: Средний результат | D33: =AVERAGE($D$4:$D$27) -> 4468.75

Sheet Задание 3
A2: X | B2: Y
A3: {=_xlfn.SEQUENCE(30, 1, 0.1, 0.1)} -> 0.1 | B3: {=_xlfn.ANCHORARRAY(A3)^3 - EXP(_xlfn.ANCHORARRAY(A3))} -> -1.1041709
A4: 0.2 | B4: -1.2134028
A5: 0.3 | B5: -1.3228588
A6: 0.4 | B6: -1.4278247
A7: 0.5 | B7: -1.5237213
A8: 0.6 | B8: -1.6061188
A9: 0.7 | B9: -1.6707527
A10: 0.8 | B10: -1.7135409
A11: 0.9 | B11: -1.7306031
A12: 1 | B12: -1.7182818
A13: 1.1 | B13: -1.673166
A14: 1.2 | B14: -1.5921169
A15: 1.3 | B15: -1.4722967
... A32: 3 | B32: 6.9144631

Sheet Задание 4
A1: Текущие координаты местонахождения самолета
B3: Xс, км | C3: Yс, км
B4: 132.7 | C4: 23.6
A7: Таблица координат ближайших аэропортов
A8: № аэропорта | B8: X, км | C8: Y, км | D8: Расстояние до самолета, км
A9: 1 | B9: 234.7 | C9: 45.7 | D9: =SQRT((B9-$B$4)^2 + (C9 - $C$4)^2) -> 104.36671
A10: 2 | B10: 23.89 | C10: 345.9 | D10: =SQRT((B10-$B$4)^2 + (C10 - $C$4)^2) -> 340.17188
A11: 3 | B11: 456.9 | C11: 345.9 | D11: =SQRT((B11-$B$4)^2 + (C11 - $C$4)^2) -> 457.14651
A12: 4 | B12: 120.1 | C12: 222.9 | D12: =SQRT((B12-$B$4)^2 + (C12 - $C$4)^2) -> 199.6979
A13: 5 | B13: 301 | C13: 23.9 | D13: =SQRT((B13-$B$4)^2 + (C13 - $C$4)^2) -> 168.30027
A14: 6 | B14: 177.5 | C14: 56.8 | D14: =SQRT((B14-$B$4)^2 + (C14 - $C$4)^2) -> 55.760918
A15: 7 | B15: 198.9 | C15: 100.7 | D15: =SQRT((B15-$B$4)^2 + (C15 - $C$4)^2) -> 101.62111
A16: 8 | B16: 67.9 | C16: 198.7 | D16: =SQRT((B16-$B$4)^2 + (C16 - $C$4)^2) -> 186.70578
A17: 9 | B17: 347.8 | C17: 20.77 | D17: =SQRT((B17-$B$4)^2 + (C17 - $C$4)^2) -> 215.11862
A18: 10 | B18: 45.9 | C18: 239.8 | D18: =SQRT((B18-$B$4)^2 + (C18 - $C$4)^2) -> 232.97356
A19: 11 | B19: 100.7 | C19: 201.7 | D19: =SQRT((B19-$B$4)^2 + (C19 - $C$4)^2) -> 180.95195
A20: 12 | B20: 99.7 | C20: 100.4 | D20: =SQRT((B20-$B$4)^2 + (C20 - $C$4)^2) -> 83.589712
C21: МИНИМ | D21: =MIN(D9:D20) -> 55.760918

Sheet Задание 5
A1: Фамилия | B1: Имя | C1: Фамилия+Имя
A2: Вальвач | B2: Вика | C2: Вальвач Вика
A3: Гаврилова | B3: Елена | C3: =_xlfn.TEXTJOIN(" ", TRUE, A3, B3) -> Гаврилова Елена
A4: Гуреев | B4: Андрей | C4: =_xlfn.TEXTJOIN(" ", TRUE, A4, B4) -> Гуреев Андрей
A5: Данилова | B5: Мария | C5: =_xlfn.TEXTJOIN(" ", TRUE, A5, B5) -> Данилова Мария
A6: Дмитриева | B6: Ольга | C6: =_xlfn.TEXTJOIN(" ", TRUE, A6, B6) -> Дмитриева Ольга
A7: Карпенко | B7: Анастасия | C7: =_xlfn.TEXTJOIN(" ", TRUE, A7, B7) -> Карпенко Анастасия
A8: Климова | B8: Елена | C8: =_xlfn.TEXTJOIN(" ", TRUE, A8, B8) -> Климова Елена
A9: Кулакова | B9: Лина | C9: =_xlfn.TEXTJOIN(" ", TRUE, A9, B9) -> Кулакова Лина
A10: Машика | B10: Александр | C10: =_xlfn.TEXTJOIN(" ", TRUE, A10, B10) -> Машика Александр
A11: Минасян | B11: Артур | C11: =_xlfn.TEXTJOIN(" ", TRUE, A11, B11) -> Минасян Артур
A12: Павлова | B12: Саша | C12: =_xlfn.TEXTJOIN(" ", TRUE, A12, B12) -> Павлова Саша
A13: Сечкина | B13: Виктория | C13: =_xlfn.TEXTJOIN(" ", TRUE, A13, B13) -> Сечкина Виктория
A14: Смирнова | B14: Ирина | C14: =_xlfn.TEXTJOIN(" ", TRUE, A14, B14) -> Смирнова Ирина
... A35: Белоушка | B35: Марина | C35: =_xlfn.TEXTJOIN(" ", TRUE, A35, B35) -> Белоушка Марина

Sheet Задание 6
A1: Дата | B1: Сумма
A2: 20.02.01 | B2: 1545.51 | D2: =SUMIF($A:$A, "20.02.01", $B:$B) -> 14064.35
A3: 22.02.01 | B3: 591.5
A4: 22.02.01 | B4: 199.19
A5: 22.02.01 | B5: 235.62
A6: 22.02.01 | B6: 227.14
A7: 22.02.01 | B7: 585.78
A8: 22.02.01 | B8: 632.89
A9: 20.02.01 | B9: -126.23
A10: 22.02.01 | B10: 368.66
A11: 22.02.01 | B11: 564.02
A12: 20.02.01 | B12: 279.1
A13: 22.02.01 | B13: 570.72
A14: 22.02.01 | B14: 679.32
... A51: 20.02.01 | B51: 701.74
A52: 22.02.01 | B52: =SUM(B2:B51) -> 31308.9

Sheet Задание 7
A2: Таблица продаж канцтоваров ООО "Авторучка" за апрель 2019 года
A4: Название | B4: Цена за штуку, руб. | C4: Число шт в коробке | D4: Число проданных коробок, шт. | E4: Число отдельно проданных, шт.
A5: Скотч узкий 10мм | B5: 20 | C5: 100 | D5: 3 | E5: 20
A6: Скотч широкий 30 мм | B6: 40 | C6: 50 | D6: 0 | E6: 40
A7: Блокнот 10х15 | B7: 34 | C7: 200 | D7: 4 | E7: 13
A8: Блокнот 20х17 | B8: 58 | C8: 150 | D8: 2 | E8: 10
A9: Точилка механическая | B9: 100 | C9: 100 | D9: 7 | E9: 0
A10: Штрих | B10: 80 | C10: 500 | D10: 4 | E10: 90
D12: ИТОГО , руб.: | E12: {=SUM(B5:B10*C5:C10*D5:D10,B5:B10*E5:E10)} -> 290822

Sheet Задание 8
B3: Справочник товаров компании
A4: Артикул | B4: Наименование | C4: Цена | D4: Группа | E4: Сумма | F4: Имеется справочник товаров компании и общая таблица сделок за 1900 год.
A5: 1 | B5: Табак листовой | C5: 0.2 | D5: Табак | E5: =SUMIF($F:$F, D5, $I:$I) -> 655.3 | F5: Но в общей таблице не заполнено поле Группа для товаров.
A6: 2 | B6: Табак резаный | C6: 0.5 | D6: Табак | E6: =SUMIF($F:$F, D6, $I:$I) -> 655.3 | F6: Заполните это поле, расставив напротив каждого проданного товара соответствующую ему группу из справочника.
A7: 3 | B7: Сигары "Шик" | C7: 7.3 | D7: Сигары | E7: =SUMIF($F:$F, D7, $I:$I) -> 7482.5 | F7: Подведите промежуточные итоги по полю Сумма для каждой группы товаров.
A8: 4 | B8: Папиросы "Ира" | C8: 0.8 | D8: Папиросы | E8: =SUMIF($F:$F, D8, $I:$I) -> 1227.6
A9: 5 | B9: Папиросы "Пушка" | C9: 0.4 | D9: Папиросы | E9: =SUMIF($F:$F, D9, $I:$I) -> 1227.6
D12: Таблица продаж товаров компании за 1900 год.
A14: Дата сделки | B14: Код клиента | C14: Фамилия клиента | D14: Артикул | E14: Наименование товара | F14: Группа | G14: Цена | H14: Количество | I14: Сумма | J14: Код менеджера | K14: Имя менеджера
A15: 54 | B15: 7 | C15: Шариков | D15: 5 | E15: Папиросы "Пушка" | F15: =VLOOKUP(E15, $B$4:$D$9, 3,FALSE) -> Папиросы | G15: 0.4 | H15: 20 | I15: =G15*H15 -> 8 | J15: 2 | K15: Быков Григорий
A16: 57.13481 | B16: 2 | C16: Преображенский | D16: 2 | E16: Табак резаный | F16: =VLOOKUP(E16, $B$4:$D$9, 3,FALSE) -> Табак | G16: 0.5 | H16: 22 | I16: =G16*H16 -> 11 | J16: 5 | K16: Ревягин Тимофей
A17: 46.102766 | B17: 5 | C17: Загорецкий | D17: 5 | E17: Папиросы "Пушка" | F17: =VLOOKUP(E17, $B$4:$D$9, 3,FALSE) -> Папиросы | G17: 0.4 | H17: 37 | I17: =G17*H17 -> 14.8 | J17: 3 | K17: Петрова Наталья
A18: 304.38474 | B18: 3 | C18: Чичиков | D18: 3 | E18: Сигары "Шик" | F18: =VLOOKUP(E18, $B$4:$D$9, 3,FALSE) -> Сигары | G18: 7.3 | H18: 33 | I18: =G18*H18 -> 240.9 | J18: 2 | K18: Быков Григорий
A19: 124.63385 | B19: 6 | C19: Ларина | D19: 5 | E19: Папиросы "Пушка" | F19: =VLOOKUP(E19, $B$4:$D$9, 3,FALSE) -> Папиросы | G19: 0.4 | H19: 88 | I19: =G19*H19 -> 35.2 | J19: 1 | K19: Антонов Иоан
A20: 296.21596 | B20: 8 | C20: Бендер | D20: 2 | E20: Табак резаный | F20: =VLOOKUP(E20, $B$4:$D$9, 3,FALSE) -> Табак | G20: 0.5 | H20: 55 | I20: =G20*H20 -> 27.5 | J20: 6 | K20: Локшин Степан
A21: 199.05897 | B21: 1 | C21: Воробьянинов | D21: 1 | E21: Табак листовой | F21: =VLOOKUP(E21, $B$4:$D$9, 3,FALSE) -> Табак | G21: 0.2 | H21: 67 | I21: =G21*H21 -> 13.4 | J21: 4 | K21: Смирнова Агафья
A22: 40.3089 | B22: 7 | C22: Шариков | D22: 3 | E22: Сигары "Шик" | F22: =VLOOKUP(E22, $B$4:$D$9, 3,FALSE) -> Сигары | G22: 7.3 | H22: 77 | I22: =G22*H22 -> 562.1 | J22: 3 | K22: Петрова Наталья
A23: 185.80442 | B23: 4 | C23: Фамусова | D23: 1 | E23: Табак листовой | F23: =VLOOKUP(E23, $B$4:$D$9, 3,FALSE) -> Табак | G23: 0.2 | H23: 36 | I23: =G23*H23 -> 7.2 | J23: 2 | K23: Быков Григорий
A24: 262.33829 | B24: 10 | C24: Бульба | D24: 4 | E24: Папиросы "Ира" | F24: =VLOOKUP(E24, $B$4:$D$9, 3,FALSE) -> Папиросы | G24: 0.8 | H24: 26 | I24: =G24*H24 -> 20.8 | J24: 6 | K24: Локшин Степан
A25: 1.4836369 | B25: 1 | C25: Воробьянинов | D25: 1 | E25: Табак листовой | F25: =VLOOKUP(E25, $B$4:$D$9, 3,FALSE) -> Табак | G25: 0.2 | H25: 66 | I25: =G25*H25 -> 13.2 | J25: 4 | K25: Смирнова Агафья
A26: 82.932699 | B26: 4 | C26: Фамусова | D26: 1 | E26: Табак листовой | F26: =VLOOKUP(E26, $B$4:$D$9, 3,FALSE) -> Табак | G26: 0.2 | H26: 89 | I26: =G26*H26 -> 17.8 | J26: 1 | K26: Антонов Иоан
... A115: 264.90175 | B115: 10 | C115: Бульба | D115: 3 | E115: Сигары "Шик" | F115: =VLOOKUP(E115, $B$4:$D$9, 3,FALSE) -> Сигары | G115: 7.3 | H115: 38 | I115: =G115*H115 -> 277.4 | J115: 3 | K115: Петрова Наталья

Sheet Задание 9
A1: Данные
A2: 29 | D2: =_xlfn.MINIFS(A:A, A:A, ">0") -> 29
A3: 181
A4: 62
A5: 115
A6: 80 | F6: В столбце А имеются данные. Cреди них
A7: 0 | F7: имеются разные значения. Отобрать минимальное
A8: 35 | F8: положительное значение и вставить его
A9: 320 | F9: в ячейку D2.
A10: 141
A11: 263
A12: 0
A13: 191
A14: 52
A15: 198
A16: 205
A17: 239
A18: 145
A19: -13
A20: 901
A21: -2
A22: -9

Sheet Задание 10
A1: Диаграмма Ганта
A3: № | B3: Мероприятия | C3: Начало, день | D3: Длительность, дней
A4: 1 | B4: Мероприятие 1 | C4: 0 | D4: 2
A5: 2 | B5: Мероприятие 2 | C5: 2 | D5: 3
A6: 3 | B6: Мероприятие 3 | C6: 2 | D6: 5
A7: 4 | B7: Мероприятие 4 | C7: 4 | D7: 2
A8: 5 | B8: Мероприятие 5 | C8: 5 | D8: 3
A9: 6 | B9: Мероприятие 6 | C9: 8 | D9: 2

Sheet Задание 11
M1: Справочник ВПР
A2: Дата | B2: Время года | M2: Месяц | N2: Сезон
A3: 43415 | B3: =VLOOKUP(MONTH(A3), $M$3:$N$14, 2, 0) -> Осень | M3: 1 | N3: Зима
A4: 43154 | B4: =VLOOKUP(MONTH(A4), $M$3:$N$14, 2, 0) -> Зима | M4: 2 | N4: Зима
A5: 42860 | B5: =VLOOKUP(MONTH(A5), $M$3:$N$14, 2, 0) -> Весна | M5: 3 | N5: Весна
A6: 42897 | B6: =VLOOKUP(MONTH(A6), $M$3:$N$14, 2, 0) -> Лето | M6: 4 | N6: Весна
A7: 43464 | B7: =VLOOKUP(MONTH(A7), $M$3:$N$14, 2, 0) -> Зима | M7: 5 | N7: Весна
A8: 43352 | B8: =VLOOKUP(MONTH(A8), $M$3:$N$14, 2, 0) -> Осень | M8: 6 | N8: Лето
A9: 43193 | B9: =VLOOKUP(MONTH(A9), $M$3:$N$14, 2, 0) -> Весна | M9: 7 | N9: Лето
A10: 43466 | B10: =VLOOKUP(MONTH(A10), $M$3:$N$14, 2, 0) -> Зима | M10: 8 | N10: Лето
A11: 43530 | B11: =VLOOKUP(MONTH(A11), $M$3:$N$14, 2, 0) -> Весна | M11: 9 | N11: Осень
A12: 43325 | B12: =VLOOKUP(MONTH(A12), $M$3:$N$14, 2, 0) -> Лето | M12: 10 | N12: Осень
A13: 43294 | B13: =VLOOKUP(MONTH(A13), $M$3:$N$14, 2, 0) -> Лето | M13: 11 | N13: Осень
A14: 43018 | B14: =VLOOKUP(MONTH(A14), $M$3:$N$14, 2, 0) -> Осень | M14: 12 | N14: Зима

Sheet Задание 12
B1: ТОВАРЫ 2011 | F1: ТОВАРЫ 2012
A2: № | B2: Наименование товара | C2: Масса, г | D2: Статус | F2: № | G2: Наименование товара | H2: Масса, г | I2: Статус
A3: 1 | B3: свеча Апельсин | C3: 115 | D3: =IF(COUNTIF($G$3:$G$72, B3)>0, "Продолжается","Завершен") -> Продолжается | F3: 1 | G3: свеча Апельсин | H3: 115 | I3: =IF(COUNTIF($B$3:$B$62,G3)>0, "Продолжается","Новый") -> Продолжается | K3: Завершен выпуск в 2011 | L3: =COUNTIF(D3:D62,"Завершен") -> 10 | M3: 10
A4: 2 | B4: свеча Бабочка | C4: 100 | D4: =IF(COUNTIF($G$3:$G$72, B4)>0, "Продолжается","Завершен") -> Продолжается | F4: 2 | G4: свеча Бабочка | H4: 100 | I4: =IF(COUNTIF($B$3:$B$62,G4)>0, "Продолжается","Новый") -> Продолжается | K4: Новые товары 2012 | L4: =COUNTIF(I3:I72,"Новый") -> 20 | M4: 20
A5: 3 | B5: свеча Банан | C5: 125 | D5: =IF(COUNTIF($G$3:$G$72, B5)>0, "Продолжается","Завершен") -> Завершен | F5: 3 | G5: свеча Бегемотик | H5: 180 | I5: =IF(COUNTIF($B$3:$B$62,G5)>0, "Продолжается","Новый") -> Новый
A6: 4 | B6: свеча Буратино | C6: 135 | D6: =IF(COUNTIF($G$3:$G$72, B6)>0, "Продолжается","Завершен") -> Завершен | F6: 4 | G6: свеча Вертолет | H6: 150 | I6: =IF(COUNTIF($B$3:$B$62,G6)>0, "Продолжается","Новый") -> Продолжается
A7: 5 | B7: свеча Буренка | C7: 140 | D7: =IF(COUNTIF($G$3:$G$72, B7)>0, "Продолжается","Завершен") -> Завершен | F7: 5 | G7: свеча Винни-Пух | H7: 200 | I7: =IF(COUNTIF($B$3:$B$62,G7)>0, "Продолжается","Новый") -> Продолжается
A8: 6 | B8: свеча Вертолет | C8: 150 | D8: =IF(COUNTIF($G$3:$G$72, B8)>0, "Продолжается","Завершен") -> Продолжается | F8: 6 | G8: свеча Вишенка | H8: 135 | I8: =IF(COUNTIF($B$3:$B$62,G8)>0, "Продолжается","Новый") -> Продолжается
A9: 7 | B9: свеча Винни-Пух | C9: 200 | D9: =IF(COUNTIF($G$3:$G$72, B9)>0, "Продолжается","Завершен") -> Продолжается | F9: 7 | G9: свеча Волк | H9: 145 | I9: =IF(COUNTIF($B$3:$B$62,G9)>0, "Продолжается","Новый") -> Продолжается
A10: 8 | B10: свеча Вишенка | C10: 135 | D10: =IF(COUNTIF($G$3:$G$72, B10)>0, "Продолжается","Завершен") -> Продолжается | F10: 8 | G10: свеча Волшебник | H10: 180 | I10: =IF(COUNTIF($B$3:$B$62,G10)>0, "Продолжается","Новый") -> Продолжается
A11: 9 | B11: свеча Волк | C11: 145 | D11: =IF(COUNTIF($G$3:$G$72, B11)>0, "Продолжается","Завершен") -> Продолжается | F11: 9 | G11: свеча Горнолыжник | H11: 160 | I11: =IF(COUNTIF($B$3:$B$62,G11)>0, "Продолжается","Новый") -> Новый
A12: 10 | B12: свеча Волшебник | C12: 180 | D12: =IF(COUNTIF($G$3:$G$72, B12)>0, "Продолжается","Завершен") -> Продолжается | F12: 10 | G12: свеча Гранат | H12: 135 | I12: =IF(COUNTIF($B$3:$B$62,G12)>0, "Продолжается","Новый") -> Новый
A13: 11 | B13: свеча Вратарь | C13: 200 | D13: =IF(COUNTIF($G$3:$G$72, B13)>0, "Продолжается","Завершен") -> Завершен | F13: 11 | G13: свеча Груша | H13: 130 | I13: =IF(COUNTIF($B$3:$B$62,G13)>0, "Продолжается","Новый") -> Продолжается
A14: 12 | B14: свеча Груша | C14: 130 | D14: =IF(COUNTIF($G$3:$G$72, B14)>0, "Продолжается","Завершен") -> Продолжается | F14: 12 | G14: свеча Девочка | H14: 145 | I14: =IF(COUNTIF($B$3:$B$62,G14)>0, "Продолжается","Новый") -> Новый
A15: 13 | B15: свеча Гусь | C15: 100 | D15: =IF(COUNTIF($G$3:$G$72, B15)>0, "Продолжается","Завершен") -> Завершен | F15: 13 | G15: свеча Дед мороз | H15: 140 | I15: =IF(COUNTIF($B$3:$B$62,G15)>0, "Продолжается","Новый") -> Продолжается
A16: 14 | B16: свеча Дед мороз | C16: 140 | D16: =IF(COUNTIF($G$3:$G$72, B16)>0, "Продолжается","Завершен") -> Продолжается | F16: 14 | G16: свеча Дельфин | H16: 170 | I16: =IF(COUNTIF($B$3:$B$62,G16)>0, "Продолжается","Новый") -> Продолжается
... A62: 60 | B62: свеча Шапокляк | C62: 160 | D62: =IF(COUNTIF($G$3:$G$72, B62)>0, "Продолжается","Завершен") -> Продолжается | F62: 60 | G62: свеча Снеговик | H62: 180 | I62: =IF(COUNTIF($B$3:$B$62,G62)>0, "Продолжается","Новый") -> Продолжается
F63: 61 | G63: свеча Снегурочка | H63: 180 | I63: =IF(COUNTIF($B$3:$B$62,G63)>0, "Продолжается","Новый") -> Продолжается
F64: 62 | G64: свеча Совенок | H64: 140 | I64: =IF(COUNTIF($B$3:$B$62,G64)>0, "Продолжается","Новый") -> Продолжается
F65: 63 | G65: свеча Солдатик | H65: 150 | I65: =IF(COUNTIF($B$3:$B$62,G65)>0, "Продолжается","Новый") -> Новый
F66: 64 | G66: свеча Солнышко | H66: 200 | I66: =IF(COUNTIF($B$3:$B$62,G66)>0, "Продолжается","Новый") -> Продолжается
F67: 65 | G67: свеча Утенок | H67: 160 | I67: =IF(COUNTIF($B$3:$B$62,G67)>0, "Продолжается","Новый") -> Новый
F68: 66 | G68: свеча Фея | H68: 190 | I68: =IF(COUNTIF($B$3:$B$62,G68)>0, "Продолжается","Новый") -> Продолжается
F69: 67 | G69: свеча Чебурашка | H69: 190 | I69: =IF(COUNTIF($B$3:$B$62,G69)>0, "Продолжается","Новый") -> Новый
F70: 68 | G70: свеча Черепашка | H70: 150 | I70: =IF(COUNTIF($B$3:$B$62,G70)>0, "Продолжается","Новый") -> Продолжается
F71: 69 | G71: свеча Шапокляк | H71: 160 | I71: =IF(COUNTIF($B$3:$B$62,G71)>0, "Продолжается","Новый") -> Продолжается
F72: 70 | G72: свеча Яблочко | H72: 125 | I72: =IF(COUNTIF($B$3:$B$62,G72)>0, "Продолжается","Новый") -> Новый
