Workbook

Sheet Отчет Брак
A3: Названия строк | B3: Сумма по полю Количество, шт | C3: Сумма по полю Брак, шт | D3: Сумма по полю Стоимость брака, р | E3: Сумма по полю Стоимость брака, $
A4: Весы | B4: 78 | C4: 4 | D4: 7400 | E4: 106.47482
A5: Tefal | B5: 78 | C5: 4 | D5: 7400 | E5: 106.47482
A6: Кофеварка | B6: 635 | C6: 35 | D6: 87250 | E6: 1255.3957
A7: Bosch | B7: 182 | C7: 4 | D7: 5940 | E7: 85.467626
A8: Delonghi | B8: 171 | C8: 14 | D8: 47000 | E8: 676.25899
A9: Kenwood | B9: 180 | C9: 8 | D9: 22990 | E9: 330.79137
A10: Philips | B10: 102 | C10: 9 | D10: 11320 | E10: 162.8777
A11: Кофемолка | B11: 841 | C11: 54 | D11: 57560 | E11: 828.20144
A12: Bosch | B12: 174 | C12: 15 | D12: 12720 | E12: 183.02158
A13: Delonghi | B13: 228 | C13: 13 | D13: 14140 | E13: 203.45324
A14: Moulinex | B14: 224 | C14: 12 | D14: 14400 | E14: 207.19424
A15: Tefal | B15: 215 | C15: 14 | D15: 16300 | E15: 234.53237
... A68: Общий итог | B68: 9567 | C68: 626 | D68: 1717810 | E68: 24716.691

Sheet ЗАДАНИЕ1
A1: Наименование | B1: Производитель | C1: Цена за шт, р | D1: Поставщик | E1: Количество, шт | F1: Брак, шт | G1: Стоимость партии, р | H1: Стоимость брака, р | I1: День поставки | J1: Приемщик
A2: Чайник | B2: Tefal | C2: 1350 | D2: Смак Компани | E2: 32 | F2: 0 | G2: 43200 | H2: 0 | I2: 40979 | J2: Мирный М.М.
A3: Чайник | B3: Philips | C3: 2000 | D3: Смак Компани | E3: 50 | F3: 2 | G3: 100000 | H3: 4000 | I3: 41261 | J3: Хороших Х.Х.
A4: Чайник | B4: Braun | C4: 1380 | D4: Смак Компани | E4: 14 | F4: 1 | G4: 19320 | H4: 1380 | I4: 41016 | J4: Удальцов У.У. | L4: СВОДНАЯ ТАБЛИЦА (PIVOT TABLE)
A5: Чайник | B5: Moulinex | C5: 1700 | D5: Смак Компани | E5: 16 | F5: 2 | G5: 27200 | H5: 3400 | I5: 41097 | J5: Везунчиков В.В.
A6: Чайник | B6: Bosch | C6: 1650 | D6: Смак Компани | E6: 30 | F6: 1 | G6: 49500 | H6: 1650 | I6: 40963 | J6: Душечкина Д.Д.
A7: Чайник | B7: Kenwood | C7: 1250 | D7: Смак Компани | E7: 47 | F7: 0 | G7: 58750 | H7: 0 | I7: 41217 | J7: Толерантная Т.Т.
A8: Соковыжималка | B8: Braun | C8: 2360 | D8: Смак Компани | E8: 20 | F8: 3 | G8: 47200 | H8: 7080 | I8: 40921 | J8: Толерантная Т.Т.
A9: Соковыжималка | B9: Tefal | C9: 3160 | D9: Смак Компани | E9: 46 | F9: 1 | G9: 145360 | H9: 3160 | I9: 41022 | J9: Толерантная Т.Т.
A10: Соковыжималка | B10: Moulinex | C10: 1990 | D10: Смак Компани | E10: 18 | F10: 0 | G10: 35820 | H10: 0 | I10: 41244 | J10: Мирный М.М.
A11: Соковыжималка | B11: Bosch | C11: 2570 | D11: Смак Компани | E11: 23 | F11: 3 | G11: 59110 | H11: 7710 | I11: 41078 | J11: Хороших Х.Х.
A12: Соковыжималка | B12: Philips | C12: 3150 | D12: Смак Компани | E12: 39 | F12: 0 | G12: 122850 | H12: 0 | I12: 41023 | J12: Мирный М.М.
A13: Соковыжималка | B13: Kenwood | C13: 3100 | D13: Смак Компани | E13: 30 | F13: 3 | G13: 93000 | H13: 9300 | I13: 41119 | J13: Хороших Х.Х.
A14: Соковыжималка | B14: Delonghi | C14: 4800 | D14: Смак Компани | E14: 27 | F14: 4 | G14: 129600 | H14: 19200 | I14: 41046 | J14: Мирный М.М.
A15: Кофеварка | B15: Delonghi | C15: 3370 | D15: Смак Компани | E15: 33 | F15: 2 | G15: 111210 | H15: 6740 | I15: 41041 | J15: Хороших Х.Х.
A16: Кофеварка | B16: Bosch | C16: 1490 | D16: Смак Компани | E16: 47 | F16: 0 | G16: 70030 | H16: 0 | I16: 41248 | J16: Удальцов У.У.
... A319: Весы | B319: Tefal | C319: 1850 | D319: STD лидер | E319: 12 | F319: 1 | G319: 22200 | H319: 1850 | I319: 40971 | J319: Удальцов У.У.

Sheet 2-1
A3: Кварталы (Дата) | B3: Кв-л1
A4: Годы (Дата) | B4: 2006
A6: Названия строк | B6: Сумма по полю Стоимость продажи
A7: Крекеры | B7: 927484
A8: Общий итог | B8: 927484

Sheet 2-2
A1: Заказчик | B1: Метро
A3: Названия строк | B3: Сумма по полю Стоимость продажи
A4: Григорьев | B4: 3435041
A5: Общий итог | B5: 3435041

Sheet 2-3
A2: Товар | B2: Ванильное небо
A4: Названия строк | B4: Сумма по полю Стоимость продажи
A5: 2005
A6: янв | B6: 47429
A7: фев | B7: 37181
A8: мар | B8: 33081
A9: апр | B9: 33666
A10: май | B10: 41129
A11: июн | B11: 37995
A12: июл | B12: 17725
A13: авг | B13: 33163
A14: сен | B14: 37573
A15: окт | B15: 75915
A16: ноя | B16: 54671
A17: дек | B17: 35224
A18: 2006
A19: янв | B19: 51777
A20: фев | B20: 27526
A21: мар | B21: 48250
A22: апр | B22: 8921
A23: май | B23: 31444
A24: июн | B24: 61010
A25: июл | B25: 15987
A26: авг | B26: 34933
A27: сен | B27: 40244
A28: окт | B28: 24321
A29: ноя | B29: 16612
A30: дек | B30: 36496
A31: Общий итог | B31: 882273

Sheet 2-4
A3: Названия строк | B3: Максимум по полю Стоимость продажи
A4: Восток | B4: 29516
A5: Запад | B5: 28611
A6: Центр | B6: 25542
A7: Общий итог | B7: 29516

Sheet ЗАДАНИЕ2
A1: Заказчик | B1: Товар | C1: Категория | D1: Дата | E1: Менеджер продаж | F1: Регион | G1: Стоимость продажи
A2: Рамстор | B2: Ванильное небо | C2: Печенья | D2: 38353 | E2: Петров | F2: Восток | G2: 10416
A3: Рамстор | B3: Попугай | C3: Батончики | D3: 38353 | E3: Петров | F3: Восток | G3: 2436
A4: Копейка | B4: Сырные | C4: Крекеры | D4: 38354 | E4: Григорьев | F4: Центр | G4: 3128
A5: Копейка | B5: Чесночные | C5: Крекеры | D5: 38355 | E5: Григорьев | F5: Центр | G5: 6612
A6: Метро | B6: Картофельные чипсы | C6: Крекеры | D6: 38355 | E6: Григорьев | F6: Центр | G6: 517
A7: Рамстор | B7: Браво | C7: Батончики | D7: 38356 | E7: Петров | F7: Восток | G7: 2300
A8: Ашан | B8: Укроп | C8: Крекеры | D8: 38356 | E8: Михайлов | F8: Запад | G8: 2500
A9: Рамстор | B9: Банановый Рай | C9: Батончики | D9: 38357 | E9: Петров | F9: Восток | G9: 20839
A10: Ашан | B10: Нежное | C10: Печенья | D10: 38357 | E10: Михайлов | F10: Запад | G10: 13650
A11: Метро | B11: Соленые | C11: Крекеры | D11: 38357 | E11: Лапин | F11: Центр | G11: 96
A12: Копейка | B12: Рисовые вафли | C12: Крекеры | D12: 38359 | E12: Лапин | F12: Центр | G12: 2664
A13: Метро | B13: Сметанные | C13: Крекеры | D13: 38360 | E13: Лапин | F13: Центр | G13: 16590
... A2348: Ашан | B2348: Картофельные чипсы | C2348: Крекеры | D2348: 39082 | E2348: Чадов | F2348: Запад | G2348: 2773

Sheet 3-2.1
A3: Названия строк | B3: Сумма по полю Продано
A4: Нектарин | B4: 17466.57
A5: Капуста | B5: 16055.65
A6: Мандарины | B6: 15500.04
A7: Морковь | B7: 15325.21
A8: Абрикос | B8: 14801.84
A9: Общий итог | B9: 79149.31

Sheet 3-2.2
A1: Заказчик | B1: Тандем
A3: Названия строк | B3: Сумма по полю Продано | C3: Количество по полю Продано
A4: Михайлов | B4: 4172.73 | C4: 9
A5: Общий итог | B5: 4172.73 | C5: 9

Sheet 3-2.3
A1: Группа | B1: Овощи
A3: Названия строк | B3: Сумма по полю Продано
A4: Январь | B4: 30995.47
A5: Общий итог | B5: 30995.47

Sheet 3-2.4
A1: Наименование | B1: Киви
A3: Сумма по полю Продано | B3: Названия столбцов
A4: Названия строк | B4: #001 | C4: #002 | D4: Общий итог
A5: Январь | B5: 723.77 | C5: 1756.09 | D5: 2479.86
A6: Февраль | B6: 2649.94 | C6: 532.74 | D6: 3182.68
A7: Март | B7: 2015.24 | C7: 1428.9 | D7: 3444.14
A8: Общий итог | B8: 5388.95 | C8: 3717.73 | D8: 9106.68

Sheet ЗАДАНИЕ3
A1: Наименование | B1: Группа | C1: Месяц | D1: День | E1: Склад | F1: Продано | G1: Менеджер | H1: Заказчик
A2: Грейпфрут | B2: =VLOOKUP(A2, Справочник!$A$2:$B$17, 2, FALSE) -> Фрукты | C2: Январь | D2: 1 | E2: #001 | F2: 0 | G2: Дубинин | H2: Орион
A3: Абрикос | B3: =VLOOKUP(A3, Справочник!$A$2:$B$17, 2, FALSE) -> Фрукты | C3: Январь | D3: 1 | E3: #002 | F3: 0 | G3: Дубинин | H3: Али
A4: Морковь | B4: =VLOOKUP(A4, Справочник!$A$2:$B$17, 2, FALSE) -> Овощи | C4: Январь | D4: 1 | E4: #001 | F4: 741.83 | G4: Дубинин | H4: Ланит
A5: Нектарин | B5: =VLOOKUP(A5, Справочник!$A$2:$B$17, 2, FALSE) -> Фрукты | C5: Январь | D5: 1 | E5: #002 | F5: 514.19 | G5: Дубинин | H5: Звезда
A6: Баклажан | B6: =VLOOKUP(A6, Справочник!$A$2:$B$17, 2, FALSE) -> Овощи | C6: Январь | D6: 1 | E6: #001 | F6: 1213.81 | G6: Иванов | H6: Ланит
A7: Грейпфрут | B7: =VLOOKUP(A7, Справочник!$A$2:$B$17, 2, FALSE) -> Фрукты | C7: Январь | D7: 2 | E7: #001 | F7: 311.85 | G7: Михайлов | H7: Шангри-Ла
A8: Лук | B8: =VLOOKUP(A8, Справочник!$A$2:$B$17, 2, FALSE) -> Овощи | C8: Январь | D8: 2 | E8: #002 | F8: 207.9 | G8: Дубинин | H8: Метелица
A9: Персик | B9: =VLOOKUP(A9, Справочник!$A$2:$B$17, 2, FALSE) -> Фрукты | C9: Январь | D9: 2 | E9: #001 | F9: 720.58 | G9: Иванов | H9: Тандем
A10: Морковь | B10: =VLOOKUP(A10, Справочник!$A$2:$B$17, 2, FALSE) -> Овощи | C10: Январь | D10: 2 | E10: #002 | F10: 110.46 | G10: Петров | H10: Тандем
A11: Картофель | B11: =VLOOKUP(A11, Справочник!$A$2:$B$17, 2, FALSE) -> Овощи | C11: Январь | D11: 2 | E11: #001 | F11: 307.99 | G11: Петров | H11: Али
A12: Абрикос | B12: =VLOOKUP(A12, Справочник!$A$2:$B$17, 2, FALSE) -> Фрукты | C12: Январь | D12: 3 | E12: #001 | F12: 623.7 | G12: Дубинин | H12: Ланит
A13: Абрикос | B13: =VLOOKUP(A13, Справочник!$A$2:$B$17, 2, FALSE) -> Фрукты | C13: Январь | D13: 3 | E13: #002 | F13: 311.85 | G13: Михайлов | H13: Турандот
... A355: Морковь | B355: =VLOOKUP(A355, Справочник!$A$2:$B$17, 2, FALSE) -> Овощи | C355: Март | D355: 30 | E355: #002 | F355: 1358.67 | G355: Иванов | H355: Шангри-Ла

Sheet Справочник
A1: Наименование | B1: Группа
A2: Грейпфрут | B2: Фрукты
A3: Абрикос | B3: Фрукты
A4: Морковь | B4: Овощи
A5: Нектарин | B5: Фрукты
A6: Баклажан | B6: Овощи
A7: Лук | B7: Овощи
A8: Персик | B8: Фрукты
A9: Картофель | B9: Овощи
A10: Манго | B10: Фрукты
A11: Мандарины | B11: Фрукты
A12: Груши | B12: Фрукты
... A17: Ананас | B17: Фрукты
